<?xml version="1.0" encoding="UTF-8"?>
<beans
	xmlns:xsi="http://www.w3.org/2001/XMLSchema-instance"
	xmlns="http://www.springframework.org/schema/beans"
	xmlns:context="http://www.springframework.org/schema/context"
	xsi:schemaLocation="http://www.springframework.org/schema/beans https://www.springframework.org/schema/beans/spring-beans.xsd
		http://www.springframework.org/schema/context https://www.springframework.org/schema/context/spring-context.xsd">

	<bean id="accountService" class="com.demoweb.service.AccountServiceImpl">
		<property name="memberDao" ref="memberDao" />
	</bean>
	<bean id="memberDao" class="com.demoweb.dao.MemberDaoImpl"></bean>
	
	<bean id="boardService" class="com.demoweb.service.BoardServiceImpl">
		<property name="boardDao" ref="boardDao" />
	</bean>
	<bean id="boardDao" class="com.demoweb.dao.BoardDaoImpl"></bean>
	
</beans>








