<?xml version="1.0" encoding="UTF-8"?>
<beans:beans xmlns="http://www.springframework.org/schema/mvc"
	xmlns:xsi="http://www.w3.org/2001/XMLSchema-instance"
	xmlns:beans="http://www.springframework.org/schema/beans"
	xmlns:context="http://www.springframework.org/schema/context"
	xmlns:aop="http://www.springframework.org/schema/aop"
	xsi:schemaLocation="http://www.springframework.org/schema/mvc https://www.springframework.org/schema/mvc/spring-mvc.xsd
		http://www.springframework.org/schema/beans https://www.springframework.org/schema/beans/spring-beans.xsd
		http://www.springframework.org/schema/context https://www.springframework.org/schema/context/spring-context.xsd
		http://www.springframework.org/schema/aop https://www.springframework.org/schema/aop/spring-aop.xsd">

	<!-- DispatcherServlet Context: defines this servlet's request-processing infrastructure -->
	
	<!-- Enables the Spring MVC @Controller programming model ( 예 : RequestMappingHandlerMapping bean 등록 ) -->
	<annotation-driven validator="validator" />

	<!-- Handles HTTP GET requests for /resources/** by efficiently serving up static resources in the ${webappRoot}/resources directory -->
	<!-- http://...../resources/... 요청은 
		 Controller에 전달하지 말고 
		 /resources/ 폴더에서 직접 다운로드 : html, css, js, image 등의 자원에 적용 -->
	<resources mapping="/resources/**" location="/resources/" />

	<!-- Resolves views selected for rendering by @Controllers to .jsp resources in the /WEB-INF/views directory -->
	<beans:bean class="org.springframework.web.servlet.view.InternalResourceViewResolver">
		<beans:property name="prefix" value="/WEB-INF/views/" />
		<beans:property name="suffix" value=".jsp" />
	</beans:bean>
	
	<context:component-scan base-package="com.demoweb.controller" />
	
	<!--  
	<view-controller path="/account/register" view-name="account/register" />
	<view-controller path="/account/login" view-name="account/login" />
	-->
	
	<beans:bean id="multipartResolver"
				class="org.springframework.web.multipart.commons.CommonsMultipartResolver">
		<beans:property name="maxUploadSize" value="10485760" />
	</beans:bean>
	
	<interceptors>
		<interceptor>
			<mapping path="/board/**" />
			<beans:bean class="com.demoweb.interceptor.AuthInterceptor" />
		</interceptor>
	</interceptors>
	
	 	
	<beans:bean id="validator"
				class="org.springframework.validation.beanvalidation.LocalValidatorFactoryBean">
		<beans:property name="validationMessageSource" ref="messageSource" />
	</beans:bean>
	
	
	<beans:bean id="messageSource"
				class="org.springframework.context.support.ResourceBundleMessageSource">
		<beans:property name="basenames">
			<beans:list>
				<beans:value>message.message</beans:value>
				<beans:value>message.validation</beans:value>
			</beans:list>
		</beans:property>			
	</beans:bean>
	
	<beans:bean id="demoAdvice" class="com.demoweb.advice.DemoAdvice" />
	
	<aop:config>

		<aop:aspect ref="demoAdvice">
		
			<aop:pointcut id="controllerPointcut"
						  expression="execution(* *..controller.*.*(..))" />
			<aop:pointcut id="controllerPointcut2"
						  expression="execution(* *..*Controller.*(..))" />
			<aop:pointcut id="servicePointcut"
						  expression="within(*..*ServiceImpl)" />
			<aop:pointcut id="daoPointcut"
						  expression="bean(member*)" />
						  
<!-- 			<aop:before method="doBefore" pointcut="execution(* *..controller.*.*(..))" />
			<aop:after method="doAfter" pointcut-ref="controllerPointcut2" />
			<aop:around method="doAround" pointcut-ref="servicePointcut" />
 -->			<!-- <aop:around method="doAround" pointcut-ref="daoPointcut" /> -->
		
		</aop:aspect>

	</aop:config>
	
</beans:beans>





















