<?xml version="1.0" encoding="UTF-8"?>
<beans
	xmlns:xsi="http://www.w3.org/2001/XMLSchema-instance"
	xmlns="http://www.springframework.org/schema/beans"
	xmlns:context="http://www.springframework.org/schema/context"
	xsi:schemaLocation="http://www.springframework.org/schema/beans https://www.springframework.org/schema/beans/spring-beans.xsd
		http://www.springframework.org/schema/context https://www.springframework.org/schema/context/spring-context.xsd">

	<bean id="accountService" class="com.demoweb.service.AccountServiceImpl">
		<property name="memberDao" ref="memberDaoWithMyBatis" />
		<property name="memberMapper" ref="memberMapper" />
	</bean>	
	<bean id="memberDaoWithMyBatis" class="com.demoweb.dao.MemberDaoWithMyBatis">
		<property name="sqlSessionTemplate" ref="sqlSessionTemplate" />
	</bean>
	<!-- Spring-Mybatis가 자동으로 만들어주는 DAO -->
	<!-- 
	<bean id="memberMapper" class="org.mybatis.spring.mapper.MapperFactoryBean">
		<property name="sqlSessionTemplate" ref="sqlSessionTemplate" />
		<property name="mapperInterface" value="com.demoweb.mapper.MemberMapper" />
	</bean>
	-->
	
</beans>








