<?xml version="1.0" encoding="UTF-8"?>
<beans
	xmlns:xsi="http://www.w3.org/2001/XMLSchema-instance"
	xmlns="http://www.springframework.org/schema/beans"
	xmlns:context="http://www.springframework.org/schema/context"
	xsi:schemaLocation="http://www.springframework.org/schema/beans https://www.springframework.org/schema/beans/spring-beans.xsd
		http://www.springframework.org/schema/context https://www.springframework.org/schema/context/spring-context.xsd">

	<bean id="accountService" class="com.demoweb.service.AccountServiceImpl">
		<!-- <property name="memberDao" ref="memberDaoWithDataSource" /> -->
		<!-- <property name="memberDao" ref="memberDaoWithJdbcTemplate" /> -->
		<property name="memberDao" ref="memberDaoWithMyBatis" />
	</bean>
	<bean id="memberDaoWithDataSource" class="com.demoweb.dao.MemberDaoWithDataSource">
		<property name="dataSource" ref="dataSource" />
	</bean>
	<bean id="memberDaoWithJdbcTemplate" class="com.demoweb.dao.MemberDaoWithJdbcTemplate">
		<property name="jdbcTemplate" ref="jdbcTemplate" />
	</bean>
	<bean id="memberDaoWithMyBatis" class="com.demoweb.dao.MemberDaoWithMyBatis">
		<property name="sqlSessionTemplate" ref="sqlSessionTemplate" />
	</bean>
	
	<bean id="boardService" class="com.demoweb.service.BoardServiceImpl">
		<property name="boardDao" ref="boardDaoWithJdbcTemplate" />
	</bean>
	<bean id="boardDaoWithJdbcTemplate" class="com.demoweb.dao.BoardDaoWithJdbcTemplate">
		<property name="jdbcTemplate" ref="jdbcTemplate" />
	</bean>
	
	
	
	<bean id="dataSource" class="org.apache.commons.dbcp2.BasicDataSource">
		<property name="driverClassName" value="com.mysql.cj.jdbc.Driver" />
		<property name="url" value="jdbc:mysql://localhost:3306/demoweb" />
		<property name="username" value="knit" />
		<property name="password" value="mysql" />
		<property name="maxTotal" value="20" />
		<property name="maxIdle" value="10" />
		<property name="maxWaitMillis" value="-1" />
	</bean>
	
	<bean id="jdbcTemplate" class="org.springframework.jdbc.core.JdbcTemplate">
		<property name="dataSource" ref="dataSource" />
	</bean>
	
	<!-- 
	1. SqlSessionFactoryBean 객체를 만드는 것이 아닙니다.
	2. SqlSessionFactoryBean 객체의 getObject()호출이 반환하는 객체 등록 
	   ( 여기서는 SqlSessionFactory ) 
	-->
	<bean id="sqlSessionFactory" class="org.mybatis.spring.SqlSessionFactoryBean">
		<property name="dataSource" ref="dataSource" />
		<property name="configLocation" value="classpath:mybatis-config.xml" />
	</bean>
	<bean id="sqlSessionTemplate" class="org.mybatis.spring.SqlSessionTemplate">
		<constructor-arg index="0" ref="sqlSessionFactory" />
	</bean>
	
</beans>








